Type,SKU,Name,Published,Is featured?,Visibility in catalog,Short description,Description,Tax status,In stock?,Stock,Backorders allowed?,Sold individually?,Allow customer reviews?,Sale price,Regular price,Categories,Tags,Images,Position,Attribute 1 name,Attribute 1 value(s),Attribute 1 visible,Attribute 1 global,Meta: _merebhub_author_name,Meta: merebhub_fulfillment_type,Meta: merebhub_billing_model,Meta: merebhub_billing_interval,Meta: merebhub_trial_days,Meta: merebhub_weekly_sales,Meta: merebhub_app_url
simple,GLOBAL-WIN11PRO,Windows 11 Pro,1,1,visible,"Professional Windows for secure, productive work.","Windows 11 Pro provides business security, productivity, and management capabilities for professional devices. Demo catalog entry: replace the sample price and licensing terms with your approved Ethiopia reseller offer before launch.",taxable,1,100,0,0,1,,15900,"Operating Systems, Productivity",Microsoft,,1,Platform,Windows,1,1,Microsoft,license_key,one_time,,,410,https://www.microsoft.com/windows/business/windows-11-pro
simple,GLOBAL-M365BS,Microsoft 365 Business Standard,1,1,visible,"Office apps, business email, cloud storage, and collaboration.","Microsoft 365 Business Standard combines Word, Excel, PowerPoint, Outlook, Teams, and OneDrive for growing organizations. Demo catalog entry: replace the sample price and term with your approved local offer.",taxable,1,100,0,0,1,,8900,"Productivity, Business",Microsoft,,2,Platform,"Windows, macOS, Web, iOS, Android",1,1,Microsoft,license_key,manual_subscription,yearly,30,395,https://www.microsoft.com/microsoft-365/business/microsoft-365-business-standard
simple,GLOBAL-ADOBECC,Adobe Creative Cloud Pro,1,1,visible,"Professional creative apps and generative AI for teams.","Creative Cloud Pro brings together Photoshop, Illustrator, Premiere Pro, Acrobat Pro, and more creative applications. Demo catalog entry: replace the sample price and term with your approved Ethiopia reseller offer.",taxable,1,100,0,0,1,,35900,"Design, Productivity",Adobe,,3,Platform,"Windows, macOS, Web, iOS, Android",1,1,Adobe,license_key,manual_subscription,yearly,14,372,https://www.adobe.com/creativecloud/business/teams.html
simple,GLOBAL-PHOTOSHOP,Adobe Photoshop,1,1,visible,"Professional image editing, compositing, and design.","Adobe Photoshop provides advanced tools for photography, graphics, compositing, and digital art. Demo catalog entry: replace the sample price and term with your approved local offer.",taxable,1,100,0,0,1,,12500,"Design, Photography",Adobe,,4,Platform,"Windows, macOS, Web, iOS",1,1,Adobe,license_key,manual_subscription,yearly,14,348,https://www.adobe.com/products/photoshop.html
simple,GLOBAL-ACROBAT,Adobe Acrobat Pro,1,1,visible,"Create, edit, sign, and protect PDF documents.","Adobe Acrobat Pro helps teams create, edit, convert, sign, and securely share PDF documents. Demo catalog entry: replace the sample price and term with your approved local offer.",taxable,1,100,0,0,1,,9800,"Productivity, Business",Adobe,,5,Platform,"Windows, macOS, Web, iOS, Android",1,1,Adobe,license_key,manual_subscription,yearly,14,331,https://www.adobe.com/acrobat/acrobat-pro.html
simple,GLOBAL-RESOLVE,DaVinci Resolve Studio,1,1,visible,"Professional editing, color, visual effects, and audio in one application.","DaVinci Resolve Studio combines professional editing, color correction, visual effects, motion graphics, and Fairlight audio tools. Demo catalog entry: replace the sample ETB price with your approved local offer.",taxable,1,100,0,0,1,,16500,"Video, Design",Blackmagic Design,,6,Platform,"Windows, macOS, Linux",1,1,Blackmagic Design,license_key,one_time,,,320,https://www.blackmagicdesign.com/products/davinciresolve
simple,GLOBAL-SLACKPRO,Slack Pro,1,1,visible,"Team messaging, collaboration, and workflow automation.","Slack Pro organizes conversations, files, calls, and connected tools for productive teams. Demo catalog entry: replace the sample price and term with your approved local offer.",taxable,1,100,0,0,1,,7200,"Communication, Productivity",Salesforce,,7,Platform,"Windows, macOS, Linux, Web, iOS, Android",1,1,Salesforce,web_access,manual_subscription,yearly,30,302,https://slack.com/intl/en-et/pricing
simple,GLOBAL-ZOOMPRO,Zoom Workplace Pro,1,1,visible,"Meetings, team chat, scheduling, and collaboration.","Zoom Workplace Pro brings meetings, chat, scheduling, whiteboards, and productivity tools into one workplace platform. Demo catalog entry: replace the sample price and term with your approved local offer.",taxable,1,100,0,0,1,,8400,"Communication, Productivity",Zoom,,8,Platform,"Windows, macOS, Linux, Web, iOS, Android",1,1,Zoom,web_access,manual_subscription,yearly,30,294,https://www.zoom.com/en/products/collaboration-tools/
simple,GLOBAL-NOTIONBIZ,Notion Business,1,0,visible,"Connected docs, projects, knowledge, and AI.","Notion Business gives teams one workspace for documentation, project management, knowledge, and AI-assisted work. Demo catalog entry: replace the sample price and term with your approved local offer.",taxable,1,100,0,0,1,,6900,"Productivity, Business",Notion,,9,Platform,"Windows, macOS, Web, iOS, Android",1,1,Notion Labs,web_access,manual_subscription,yearly,30,286,https://www.notion.com/product
simple,GLOBAL-GWSBS,Google Workspace Business Standard,1,0,visible,"Business Gmail, Drive, Meet, Docs, Sheets, and collaboration.","Google Workspace Business Standard brings business email, cloud storage, meetings, documents, and collaboration together. Demo catalog entry: replace the sample price and term with your approved local offer.",taxable,1,100,0,0,1,,7500,"Productivity, Business",Google,,10,Platform,"Web, Windows, macOS, iOS, Android",1,1,Google,web_access,manual_subscription,yearly,14,278,https://workspace.google.com/business/
simple,GLOBAL-CANVAPRO,Canva Pro,1,0,visible,"Visual design, brand tools, templates, and content creation.","Canva Pro helps individuals and teams create presentations, social content, videos, and branded designs. Demo catalog entry: replace the sample price and term with your approved local offer.",taxable,1,100,0,0,1,,5800,"Design, Productivity",Canva,,11,Platform,"Web, Windows, macOS, iOS, Android",1,1,Canva,web_access,manual_subscription,yearly,30,269,https://www.canva.com/pro/
simple,GLOBAL-FIGMAPRO,Figma Professional,1,0,visible,"Collaborative product design and prototyping.","Figma Professional supports collaborative interface design, prototyping, design systems, and developer handoff. Demo catalog entry: replace the sample price and term with your approved local offer.",taxable,1,100,0,0,1,,8100,"Design, Developer Tools",Figma,,12,Platform,"Web, Windows, macOS",1,1,Figma,web_access,manual_subscription,yearly,30,257,https://www.figma.com/pricing/
simple,GLOBAL-DROPBOX,Dropbox Essentials,1,0,visible,"Secure cloud storage, sharing, and document workflows.","Dropbox Essentials provides cloud storage, file recovery, sharing, signature, and document workflow features. Demo catalog entry: replace the sample price and term with your approved local offer.",taxable,1,100,0,0,1,,7600,"Productivity, Utilities",Dropbox,,13,Platform,"Windows, macOS, Linux, Web, iOS, Android",1,1,Dropbox,web_access,manual_subscription,yearly,30,244,https://www.dropbox.com/plans
simple,GLOBAL-ASANA,Asana Starter,1,0,visible,"Project planning, work tracking, and team coordination.","Asana Starter helps teams plan projects, assign work, track progress, and coordinate deadlines. Demo catalog entry: replace the sample price and term with your approved local offer.",taxable,1,100,0,0,1,,6500,"Productivity, Business",Asana,,14,Platform,"Web, Windows, macOS, iOS, Android",1,1,Asana,web_access,manual_subscription,yearly,30,238,https://asana.com/pricing
simple,GLOBAL-MONDAY,monday.com Standard,1,0,visible,"Flexible work management for projects and operations.","monday.com Standard provides boards, automations, dashboards, integrations, and collaborative work management. Demo catalog entry: replace the sample price and term with your approved local offer.",taxable,1,100,0,0,1,,6800,"Productivity, Business",monday.com,,15,Platform,"Web, Windows, macOS, iOS, Android",1,1,monday.com,web_access,manual_subscription,yearly,14,229,https://monday.com/pricing
simple,GLOBAL-JIRA,Jira Standard,1,0,visible,"Issue tracking and project management for software teams.","Jira Standard helps software and business teams plan work, track issues, and deliver projects. Demo catalog entry: replace the sample price and term with your approved local offer.",taxable,1,100,0,0,1,,5900,"Developer Tools, Productivity",Atlassian,,16,Platform,"Web, iOS, Android",1,1,Atlassian,web_access,manual_subscription,yearly,30,221,https://www.atlassian.com/software/jira/pricing
simple,GLOBAL-TODOIST,Todoist Pro,1,0,visible,"Fast personal task management and planning.","Todoist Pro adds advanced reminders, calendar layouts, filters, and productivity history for organized work. Demo catalog entry: replace the sample price and term with your approved local offer.",taxable,1,100,0,0,1,,3200,Productivity,Doist,,17,Platform,"Web, Windows, macOS, Linux, iOS, Android",1,1,Doist,web_access,manual_subscription,yearly,30,214,https://www.todoist.com/pricing
simple,GLOBAL-COPILOT,GitHub Copilot Business,1,0,visible,"AI coding assistance for professional development teams.","GitHub Copilot Business provides organization-managed AI coding assistance across supported editors and GitHub workflows. Demo catalog entry: replace the sample price and term with your approved local offer.",taxable,1,100,0,0,1,,9500,"Developer Tools, Productivity",GitHub,,18,Platform,"Windows, macOS, Linux, Web",1,1,GitHub,license_key,manual_subscription,yearly,30,208,https://github.com/features/copilot/copilot-business
simple,GLOBAL-JETBRAINS,JetBrains All Products Pack,1,0,visible,"A complete collection of professional developer tools.","JetBrains All Products Pack includes professional IDEs and development tools for many languages and platforms. Demo catalog entry: replace the sample price and term with your approved local offer.",taxable,1,100,0,0,1,,34000,Developer Tools,JetBrains,,19,Platform,"Windows, macOS, Linux",1,1,JetBrains,license_key,manual_subscription,yearly,30,197,https://www.jetbrains.com/all/
simple,GLOBAL-AUTOCAD,Autodesk AutoCAD,1,0,visible,"Professional CAD drafting and design software.","Autodesk AutoCAD provides precise 2D drafting, 3D design, automation, and collaboration tools for professional workflows. Demo catalog entry: replace the sample price and term with your approved local offer.",taxable,1,100,0,0,1,,68000,"Design, Business",Autodesk,,20,Platform,"Windows, macOS, Web, iOS, Android",1,1,Autodesk,license_key,manual_subscription,yearly,15,190,https://www.autodesk.com/products/autocad/overview
simple,ET-DEMO-PACKLEDGE,Packledge MIS,1,1,visible,"A focused management information system for growing Ethiopian organizations.","Track operations, reporting, users, and daily business activity from one practical management workspace.",taxable,1,250,0,0,1,299,350,"Business, Data & Analytics","Made in Ethiopia, Demo",,21,Platform,"Web, Windows",1,1,Packledge,web_access,one_time,,,176,https://example.com
simple,ET-DEMO-SOKO,Soko Inventory,1,1,visible,"Inventory and stock control built for local retailers.","Manage stock, purchase orders, transfers, suppliers, and low-stock alerts across one or more branches.",taxable,1,250,0,0,1,449,499,"Business, Utilities","Made in Ethiopia, Demo",,22,Platform,"Web, Android",1,1,Soko Labs,web_access,one_time,,,164,https://example.com
simple,ET-DEMO-LEDGERLY,Ledgerly,1,1,visible,"Simple finance tracking for small businesses.","Keep income, expenses, invoices, and cash-flow reports organized without a complicated accounting setup.",taxable,1,250,0,0,1,,590,"Business, Finance","Made in Ethiopia, Demo",,23,Platform,"Web, Android",1,1,Brightbooks,web_access,one_time,,,151,https://example.com
simple,ET-DEMO-DEPLOYMATE,Deploymate,1,1,visible,"Deployment monitoring for modern development teams.","Monitor releases, environments, uptime, incidents, and deployment history from a clean operational dashboard.",taxable,1,250,0,0,1,,790,"Developer Tools, Utilities","Made in Ethiopia, Demo",,24,Platform,"Web, Linux",1,1,Shipmate,license_key,one_time,,,143,https://example.com
simple,ET-DEMO-PATCHBAY,Patchbay,1,0,visible,"Audio workflow utilities for creators and studios.","Organize routing presets, audio tools, and repeatable studio workflows from one lightweight desktop utility.",taxable,1,250,0,0,1,349,390,"Music & Audio, Utilities","Made in Ethiopia, Demo",,25,Platform,"Windows, macOS",1,1,Modulr,license_key,one_time,,,132,https://example.com
simple,ET-DEMO-FORMWORK,Formwork,1,0,visible,"Create and manage professional business forms.","Build reusable forms, collect responses, export reports, and keep operational paperwork organized.",taxable,1,250,0,0,1,,290,"Business, Productivity","Made in Ethiopia, Demo",,26,Platform,"Web",1,1,Formwork Labs,web_access,one_time,,,124,https://example.com
simple,ET-DEMO-ADDISDESK,AddisDesk,1,0,visible,"A lightweight help desk for growing support teams.","Manage customer requests, team assignments, response status, and service history in one focused workspace.",taxable,1,250,0,0,1,,650,"Business, Communication","Made in Ethiopia, Demo",,27,Platform,"Web",1,1,Addis Systems,web_access,manual_subscription,yearly,14,118,https://example.com
simple,ET-DEMO-GEBEYAPOS,GebeyaPOS,1,0,visible,"Point-of-sale software for shops and restaurants.","Process sales, monitor stock, manage shifts, and review daily reports with a locally focused point-of-sale system.",taxable,1,250,0,0,1,,850,"Business, Finance","Made in Ethiopia, Demo",,28,Platform,"Windows, Android",1,1,Gebeya Systems,license_key,one_time,,,109,https://example.com
simple,ET-DEMO-BLUENILE,BlueNile Analytics,1,0,visible,"Clear dashboards for operational and sales data.","Turn spreadsheets and connected business data into focused dashboards, scheduled reports, and practical insights.",taxable,1,250,0,0,1,,990,"Data & Analytics, Business","Made in Ethiopia, Demo",,29,Platform,"Web",1,1,BlueNile Data,web_access,manual_subscription,yearly,14,96,https://example.com
simple,ET-DEMO-QENE,Qene Studio,1,0,visible,"A creative writing workspace with Amharic-first tools.","Draft, organize, revise, and publish long-form writing with a distraction-free workspace and Amharic language support.",taxable,1,250,0,0,1,,420,"Productivity, Design","Made in Ethiopia, Demo",,30,Platform,"Windows, macOS, Web",1,1,Qene Works,license_key,one_time,,,88,https://example.com
